<?xml version="1.0" encoding="UTF-8"?>
<!DOCTYPE configuration
  PUBLIC "-//mybatis.org//DTD Config 3.0//EN"
  "http://mybatis.org/dtd/mybatis-3-config.dtd">
<configuration>

  <!-- jdbc.properties 파일 로드 -->
  <properties resource="com/config/jdbc.properties"/>

  <typeAliases>
  	<!-- 게시판 관련 DTO -->
    <typeAlias type="com.dto.board.PostDTO" alias="PostDTO"/>
    <typeAlias type="com.dto.board.PageDTO" alias="PageDTO"/>
    <typeAlias type="com.dto.board.PostPageDTO" alias="PostPageDTO"/>
    <typeAlias type="com.dto.board.PostInfoDTO" alias="PostInfoDTO"/>
    <typeAlias type="com.dto.board.LikeDTO" alias="LikeDTO"/>
    <typeAlias type="com.dto.CommentDTO" alias="CommentDTO"/>
	<!--  -->
   	<typeAlias type="com.dto.MemberDTO" alias="MemberDTO"/>
   	<typeAlias type="com.dto.ReviewDTO" alias="ReviewDTO"/>
   	<typeAlias type="com.dto.ReviewDTO" alias="ReviewDTO"/>
   	<typeAlias type="com.dto.AdminBoardDTO" alias="AdminBoardDTO"/>
   	<typeAlias type="com.dto.AdminMemberDTO" alias="AdminMemberDTO"/>
	<typeAlias type="com.dto.RateDTO" alias="RateDTO"/>
	<typeAlias type="com.dto.ContentDTO" alias="ContentDTO"/>
  </typeAliases>

  <environments default="development">
    <environment id="development">
      <transactionManager type="JDBC"/>
      <dataSource type="POOLED">
        <!-- jdbc.properties 파일에서 읽어온 값 사용 -->
        <property name="driver" value="${oracle.driver}"/>
        <property name="url" value="${oracle.url}"/>
        <property name="username" value="${oracle.username}"/>
        <property name="password" value="${oracle.password}"/>
      </dataSource>
    </environment>
  </environments>

  <mappers>
    <mapper resource="com/config/PostMapper.xml"/>
    <mapper resource="com/config/MemberMapper.xml"/>
    <mapper resource="com/config/CommentMapper.xml"/>
    <mapper resource="com/config/ReviewMapper.xml"/>
    <mapper resource="com/config/AdminBoardMapper.xml"/>
    <mapper resource="com/config/AdminMemberMapper.xml"/>
    <mapper resource="com/config/MyPageMapper.xml"/>
  </mappers>
</configuration>
